batch0,253.2,335.25
batch1,289.0,335.24
bursty0,209.58,329.34
batch0,253.2,335.25
batch1,289.0,335.24
bursty0,209.58,329.34
batch0,253.2,335.25
batch1,289.0,335.24
bursty0,209.58,329.34
batch0,252.4,335.3
batch1,289.0,335.24
bursty0,209.58,329.34
batch0,252.4,335.3
batch1,289.0,335.24
bursty0,209.58,329.34
batch0,240.4,335.02
batch1,289.0,335.24
bursty0,209.79,329.67
batch0,240.4,335.02
batch1,289.0,335.24
bursty0,209.79,329.67
batch0,222.1,335.05
batch1,289.0,335.24
bursty0,209.79,329.67
batch0,220.8,335.1
batch1,288.75,334.95
bursty0,209.79,329.67
batch0,220.8,335.1
batch1,288.75,334.95
bursty0,209.79,329.67
batch0,220.8,335.1
batch1,288.75,334.95
bursty0,209.79,329.67
batch0,220.8,335.1
batch1,288.75,334.95
bursty0,209.79,329.67
batch0,220.8,335.1
batch1,288.75,334.95
bursty0,209.79,329.67
batch0,220.8,335.1
batch1,288.75,334.95
bursty0,209.79,329.67
batch0,220.8,335.1
batch1,288.75,334.95
bursty0,209.79,329.67
batch0,220.8,335.1
batch1,288.75,334.95
bursty0,209.79,329.67
batch0,220.8,335.1
batch1,288.75,334.95
bursty0,209.79,329.67
batch0,220.8,335.1
batch1,288.75,334.95
bursty0,209.79,329.67
batch0,220.8,335.1
batch1,288.75,334.95
bursty0,209.79,329.67
batch0,220.8,335.1
batch1,288.75,334.95
bursty0,209.79,329.67
batch0,220.8,335.1
batch1,288.75,334.95
bursty0,209.79,329.67
batch0,220.8,335.1
batch1,288.75,334.95
bursty0,209.79,329.67
batch0,226.4,335.03
batch1,289.0,335.24
bursty0,209.79,329.67
batch0,235.74,335.01
batch1,289.0,335.24
bursty0,209.79,329.67
batch0,296.08,335.11
batch1,302.42,335.04
bursty0,209.79,329.67
batch0,296.08,335.11
batch1,302.42,335.04
bursty0,209.79,329.67
batch0,241.68,335.01
batch1,302.64,335.27
bursty0,209.79,329.67
batch0,241.68,335.01
batch1,302.64,335.27
bursty0,209.79,329.67
batch0,241.68,335.01
batch1,305.98,335.18
bursty0,209.79,329.67
batch0,241.68,335.01
batch1,305.98,335.18
bursty0,209.79,329.67
batch0,241.68,335.01
batch1,305.95,335.12
bursty0,209.79,329.67
batch0,241.68,335.01
batch1,305.95,335.12
bursty0,209.79,329.67
batch0,249.12,345.24
batch1,343.07,319.37
bursty0,213.36,335.28
batch0,249.12,345.24
batch1,343.07,319.37
bursty0,213.36,335.28
batch0,249.12,345.24
batch1,343.07,319.37
bursty0,213.36,335.28
batch0,249.12,345.24
batch1,343.07,319.37
bursty0,213.36,335.28
batch0,249.12,345.24
batch1,343.07,319.37
bursty0,213.36,335.28
batch0,249.12,345.24
batch1,343.07,319.37
bursty0,213.36,335.28
batch0,249.12,345.24
batch1,343.07,319.37
bursty0,213.36,335.28
batch0,248.3,345.24
batch1,343.07,319.37
bursty0,213.36,335.28
batch0,256.05,355.26
batch1,355.34,292.53
bursty0,224.07,352.11
batch0,256.05,355.26
batch1,355.34,292.53
bursty0,224.07,352.11
batch0,257.58,355.25
batch1,355.12,292.3
bursty0,224.28,352.44
batch0,258.6,355.13
batch1,355.12,292.3
bursty0,224.28,352.44
batch0,258.85,355.47
batch1,355.0,289.31
bursty0,225.96,355.08
batch0,258.6,355.53
batch1,355.0,289.31
bursty0,225.96,355.08
batch0,258.7,355.36
batch1,355.32,289.52
bursty0,225.96,355.08
batch0,258.95,355.34
batch1,355.32,289.52
bursty0,225.96,355.08
batch0,258.95,355.34
batch1,355.32,289.52
bursty0,225.96,355.08
batch0,258.95,355.34
batch1,355.32,289.52
bursty0,225.96,355.08
batch0,270.7,371.32
batch1,365.31,297.66
bursty0,210.63,330.99
batch0,270.7,371.32
batch1,365.31,297.66
bursty0,210.63,330.99
batch0,270.7,371.32
batch1,365.31,297.66
bursty0,210.63,330.99
batch0,270.7,371.32
batch1,365.31,297.66
bursty0,210.63,330.99
batch0,270.7,371.32
batch1,365.31,297.66
bursty0,210.63,330.99
batch0,270.95,371.66
batch1,365.31,297.66
bursty0,210.42,330.66
batch0,270.95,371.66
batch1,365.31,297.66
bursty0,210.42,330.66
batch0,273.45,375.06
batch1,368.01,299.86
bursty0,206.85,325.05
batch0,273.45,375.06
batch1,368.01,299.86
bursty0,206.85,325.05
batch0,273.45,375.06
batch1,368.01,299.86
bursty0,206.85,325.05
batch0,273.45,375.06
batch1,368.01,299.86
bursty0,206.85,325.05
batch0,273.45,375.06
batch1,368.01,299.86
bursty0,206.85,325.05
batch0,273.45,375.06
batch1,368.01,299.86
bursty0,206.85,325.05
batch0,273.45,375.06
batch1,368.01,299.86
bursty0,206.85,325.05
batch0,273.45,375.06
batch1,368.01,299.86
bursty0,206.85,325.05
batch0,280.85,385.16
batch1,376.11,306.46
bursty0,196.14,308.22
batch0,281.85,385.08
batch1,376.38,306.68
bursty0,196.14,308.22
batch0,280.0,385.0
batch1,376.65,306.9
bursty0,195.93,307.89
batch0,278.58,385.11
batch1,376.65,306.9
bursty0,195.93,307.89
batch0,283.52,385.24
batch1,379.62,309.32
bursty0,194.25,305.25
batch0,366.32,385.1
batch1,379.89,309.54
bursty0,194.25,305.25
batch0,375.82,385.1
batch1,379.89,309.54
bursty0,194.25,305.25
batch0,405.07,358.6
batch1,400.68,326.48
bursty0,194.25,305.25
batch0,405.07,339.8
batch1,400.68,326.48
bursty0,194.25,305.25
batch0,405.12,339.68
batch1,400.41,326.26
bursty0,194.25,305.25
batch0,429.72,348.32
batch1,425.25,346.5
bursty0,145.0,110.0
batch0,429.72,348.32
batch1,425.25,346.5
bursty0,145.0,110.0
batch0,504.72,403.32
batch1,495.18,403.48
bursty0,0.0,0.0
batch0,504.72,400.24
batch1,495.18,403.48
bursty0,0.0,0.0
batch0,504.54,397.49
batch1,495.45,403.7
bursty0,0.0,0.0
batch0,504.6,392.76
batch1,495.18,403.48
bursty0,0.0,0.0
batch0,504.6,392.76
batch1,495.18,403.48
bursty0,0.0,0.0
batch0,504.6,392.76
batch1,495.18,403.48
bursty0,0.0,0.0
batch0,504.6,392.76
batch1,495.18,403.48
bursty0,0.0,0.0
batch0,504.6,392.76
batch1,495.18,403.48
bursty0,0.0,0.0
batch0,504.6,392.76
batch1,495.18,403.48
bursty0,0.0,0.0
batch0,504.6,392.76
batch1,495.37,435.5
bursty0,0.0,0.0
batch0,504.9,392.98
batch1,495.0,442.15
bursty0,0.0,0.0
batch0,504.6,392.76
batch1,495.34,482.36
bursty0,0.0,0.0
batch0,505.2,393.2
batch1,494.75,499.74
bursty0,0.0,0.0
batch0,505.2,393.2
batch1,494.59,504.43
bursty0,0.0,0.0
batch0,505.2,393.2
batch1,494.71,504.68
bursty0,0.0,0.0
batch0,505.2,393.2
batch1,494.69,498.96
bursty0,0.0,0.0
batch0,505.2,393.2
batch1,494.69,498.96
bursty0,0.0,0.0
batch0,505.2,393.2
batch1,494.69,498.96
bursty0,0.0,0.0
batch0,505.2,393.2
batch1,494.69,498.96
bursty0,0.0,0.0
batch0,505.2,393.2
batch1,494.69,498.96
bursty0,0.0,0.0
batch0,505.2,393.2
batch1,494.69,498.96
bursty0,0.0,0.0
batch0,505.2,393.2
batch1,494.69,498.96
bursty0,0.0,0.0
batch0,505.2,393.2
batch1,494.69,498.96
bursty0,0.0,0.0
batch0,505.2,393.2
batch1,494.69,498.96
bursty0,0.0,0.0
batch0,505.2,393.2
batch1,494.69,498.96
bursty0,0.0,0.0
batch0,504.9,392.98
batch1,495.1,452.86
bursty0,0.0,0.0
batch0,504.9,392.98
batch1,495.03,442.69
bursty0,0.0,0.0
batch0,504.6,392.76
batch1,495.18,384.66
bursty0,0.0,0.0
batch0,504.6,392.76
batch1,495.24,358.7
bursty0,0.0,0.0
batch0,504.6,392.76
batch1,495.11,351.59
bursty0,0.0,0.0
batch0,504.9,392.98
batch1,495.07,351.34
bursty0,0.0,0.0
batch0,504.9,392.98
batch1,495.07,351.34
bursty0,0.0,0.0
batch0,504.9,392.98
batch1,495.07,351.34
bursty0,0.0,0.0
batch0,504.9,392.98
batch1,495.07,351.34
bursty0,0.0,0.0
batch0,504.9,392.98
batch1,495.07,351.34
bursty0,0.0,0.0
batch0,504.9,392.98
batch1,495.07,351.34
bursty0,0.0,0.0
batch0,504.9,392.98
batch1,495.07,351.34
bursty0,0.0,0.0
batch0,504.9,392.98
batch1,495.07,351.34
bursty0,0.0,0.0
batch0,504.9,392.98
batch1,495.07,351.34
bursty0,0.0,0.0
batch0,504.9,392.98
batch1,495.07,351.34
bursty0,0.0,0.0
batch0,504.9,392.98
batch1,495.07,351.34
bursty0,0.0,0.0
batch0,504.9,392.98
batch1,495.07,351.34
bursty0,0.0,0.0
batch0,504.74,414.65
batch1,495.07,351.34
bursty0,0.0,0.0
batch0,504.64,412.23
batch1,495.07,351.34
bursty0,0.0,0.0
batch0,504.84,410.03
batch1,495.07,351.34
bursty0,0.0,0.0
batch0,504.84,388.75
batch1,495.07,351.34
bursty0,0.0,0.0
batch0,504.84,388.75
batch1,495.07,351.34
bursty0,0.0,0.0
batch0,504.84,388.75
batch1,495.07,351.34
bursty0,0.0,0.0
batch0,504.84,388.75
batch1,495.07,351.34
bursty0,0.0,0.0
batch0,504.84,387.31
batch1,495.07,351.34
bursty0,0.0,0.0
batch0,504.84,387.31
batch1,495.05,361.52
bursty0,0.0,0.0
batch0,504.84,387.31
batch1,495.03,438.11
bursty0,0.0,0.0
batch0,511.14,391.93
batch1,488.76,505.07
bursty0,0.0,0.0
batch0,515.1,377.74
batch1,484.8,507.8
bursty0,0.0,0.0
batch0,515.1,377.74
batch1,484.72,506.88
bursty0,0.0,0.0
batch0,515.1,377.74
batch1,484.86,506.19
bursty0,0.0,0.0
batch0,515.1,377.74
batch1,484.86,506.19
bursty0,0.0,0.0
batch0,515.1,377.74
batch1,484.86,506.19
bursty0,0.0,0.0
batch0,515.1,377.74
batch1,484.86,506.19
bursty0,0.0,0.0
batch0,515.1,377.74
batch1,484.86,506.19
bursty0,0.0,0.0
batch0,515.1,377.74
batch1,484.76,507.34
bursty0,0.0,0.0
batch0,515.1,377.74
batch1,484.76,507.34
bursty0,0.0,0.0
batch0,515.1,377.74
batch1,484.76,507.34
bursty0,0.0,0.0
batch0,515.1,377.74
batch1,484.76,507.34
bursty0,0.0,0.0
batch0,515.1,377.74
batch1,484.76,507.34
bursty0,0.0,0.0
batch0,515.1,377.74
batch1,484.76,507.34
bursty0,0.0,0.0
batch0,515.1,377.74
batch1,484.76,507.34
bursty0,0.0,0.0
batch0,515.1,377.74
batch1,484.76,507.34
bursty0,0.0,0.0
batch0,515.1,377.74
batch1,484.8,507.84
bursty0,0.0,0.0
batch0,515.1,377.74
batch1,484.8,507.84
bursty0,0.0,0.0
batch0,515.1,377.74
batch1,484.76,513.7
bursty0,0.0,0.0
batch0,515.1,377.74
batch1,484.86,514.71
bursty0,0.0,0.0
batch0,515.1,377.74
batch1,484.74,515.01
bursty0,0.0,0.0
batch0,516.0,378.4
batch1,484.0,515.12
bursty0,0.0,0.0
batch0,516.0,378.4
batch1,484.0,515.12
bursty0,0.0,0.0
batch0,516.6,378.84
batch1,483.4,515.42
bursty0,0.0,0.0
batch0,516.6,378.84
batch1,483.4,515.42
bursty0,0.0,0.0
batch0,516.6,378.84
batch1,483.4,515.42
bursty0,0.0,0.0
batch0,517.2,379.28
batch1,482.7,515.19
bursty0,0.0,0.0
batch0,517.2,379.28
batch1,482.7,515.19
bursty0,0.0,0.0
batch0,517.2,379.28
batch1,482.7,515.19
bursty0,0.0,0.0
batch0,517.2,379.28
batch1,482.7,515.19
bursty0,0.0,0.0
batch0,517.2,379.28
batch1,482.7,515.19
bursty0,0.0,0.0
batch0,517.2,379.28
batch1,482.7,515.19
bursty0,0.0,0.0
batch0,518.7,380.38
batch1,481.14,515.13
bursty0,0.0,0.0
batch0,525.0,385.0
batch1,475.0,520.82
bursty0,0.0,0.0
batch0,525.0,385.0
batch1,475.0,520.82
bursty0,0.0,0.0
batch0,525.0,385.0
batch1,475.0,520.82
bursty0,0.0,0.0
batch0,525.0,385.0
batch1,475.0,520.82
bursty0,0.0,0.0
batch0,525.0,385.0
batch1,475.0,520.82
bursty0,0.0,0.0
batch0,525.0,385.0
batch1,475.0,520.82
bursty0,0.0,0.0
batch0,525.0,385.0
batch1,475.0,520.82
bursty0,0.0,0.0
batch0,525.0,385.0
batch1,475.0,520.82
bursty0,0.0,0.0
batch0,525.0,385.0
batch1,475.0,520.82
bursty0,0.0,0.0
batch0,525.0,385.0
batch1,475.0,520.82
bursty0,0.0,0.0
batch0,525.0,385.0
batch1,475.0,520.82
bursty0,0.0,0.0
batch0,525.0,385.0
batch1,475.0,520.82
bursty0,0.0,0.0
batch0,525.0,385.0
batch1,475.0,520.82
bursty0,0.0,0.0
batch0,525.0,385.0
batch1,475.0,520.82
bursty0,0.0,0.0
batch0,525.0,385.0
batch1,475.0,520.82
bursty0,0.0,0.0
batch0,525.15,391.85
batch1,474.8,520.6
bursty0,0.0,0.0
batch0,525.05,396.59
batch1,474.8,520.6
bursty0,0.0,0.0
batch0,525.05,398.99
batch1,474.8,520.6
bursty0,0.0,0.0
batch0,525.0,399.0
batch1,475.0,520.82
bursty0,0.0,0.0
batch0,525.0,399.0
batch1,475.0,520.82
bursty0,0.0,0.0
batch0,525.0,399.0
batch1,475.0,520.82
bursty0,0.0,0.0
batch0,525.0,399.0
batch1,475.0,520.82
bursty0,0.0,0.0
batch0,525.0,399.0
batch1,475.0,520.82
bursty0,0.0,0.0
batch0,525.0,399.0
batch1,475.0,520.82
bursty0,0.0,0.0
batch0,525.0,399.0
batch1,475.0,520.82
bursty0,0.0,0.0
batch0,525.0,399.0
batch1,475.0,520.82
bursty0,0.0,0.0
batch0,525.0,399.0
batch1,475.0,520.82
bursty0,0.0,0.0
batch0,525.0,399.0
batch1,475.0,520.82
bursty0,0.0,0.0
batch0,525.0,399.0
batch1,475.0,520.82
bursty0,0.0,0.0
batch0,525.15,439.21
batch1,474.76,520.22
bursty0,0.0,0.0
batch0,518.44,438.68
batch1,481.56,515.22
bursty0,0.0,0.0
batch0,518.44,438.68
batch1,481.56,515.22
bursty0,0.0,0.0
batch0,518.44,438.68
batch1,481.56,515.22
bursty0,0.0,0.0
batch0,518.44,438.68
batch1,481.56,515.22
bursty0,0.0,0.0
batch0,518.44,438.68
batch1,481.56,515.22
bursty0,0.0,0.0
batch0,518.44,438.68
batch1,481.56,515.22
bursty0,0.0,0.0
batch0,518.44,438.68
batch1,481.56,515.22
bursty0,0.0,0.0
batch0,518.44,438.68
batch1,481.56,515.22
bursty0,0.0,0.0
batch0,518.44,438.68
batch1,481.56,515.22
bursty0,0.0,0.0
batch0,518.44,438.68
batch1,481.56,515.22
bursty0,0.0,0.0
batch0,518.44,438.68
batch1,481.56,515.22
bursty0,0.0,0.0
batch0,518.44,438.68
batch1,481.56,515.22
bursty0,0.0,0.0
batch0,518.44,438.68
batch1,481.56,515.22
bursty0,0.0,0.0
batch0,517.92,438.24
batch1,481.96,515.18
bursty0,0.0,0.0
batch0,517.92,438.24
batch1,481.96,515.18
bursty0,0.0,0.0
batch0,515.06,435.82
batch1,484.84,512.3
bursty0,0.0,0.0
batch0,515.18,438.46
batch1,484.74,511.29
bursty0,0.0,0.0
batch0,501.8,503.6
batch1,470.78,496.27
bursty0,0.0,0.0
batch0,502.92,504.72
batch1,470.66,495.25
bursty0,0.0,0.0
batch0,502.92,504.72
batch1,470.66,495.25
bursty0,0.0,0.0
batch0,502.92,504.72
batch1,471.48,495.18
bursty0,0.0,0.0
batch0,502.92,504.72
batch1,471.88,495.18
bursty0,0.0,0.0
batch0,502.92,504.72
batch1,471.88,495.18
bursty0,0.0,0.0
batch0,502.92,504.72
batch1,472.36,495.18
bursty0,0.0,0.0
batch0,502.92,504.72
batch1,472.36,495.18
bursty0,0.0,0.0
batch0,502.92,504.72
batch1,472.36,495.18
bursty0,0.0,0.0
batch0,502.92,504.72
batch1,472.36,495.18
bursty0,0.0,0.0
batch0,504.56,504.56
batch1,472.18,495.41
bursty0,0.0,0.0
batch0,504.56,504.56
batch1,472.18,495.41
bursty0,0.0,0.0
batch0,504.84,504.84
batch1,480.5,495.09
bursty0,0.0,0.0
batch0,504.84,504.84
batch1,480.5,495.09
bursty0,0.0,0.0
batch0,504.84,504.84
batch1,483.22,495.01
bursty0,0.0,0.0
batch0,504.84,504.84
batch1,483.22,495.01
bursty0,0.0,0.0
batch0,504.56,504.56
batch1,495.22,476.37
bursty0,0.0,0.0
batch0,504.84,504.84
batch1,495.04,472.04
bursty0,0.0,0.0
batch0,504.84,504.84
batch1,495.04,472.04
bursty0,0.0,0.0
batch0,504.56,504.56
batch1,495.22,453.59
bursty0,0.0,0.0
batch0,504.56,504.56
batch1,495.22,453.59
bursty0,0.0,0.0
batch0,504.56,504.56
batch1,495.22,453.59
bursty0,0.0,0.0
batch0,504.56,504.56
batch1,495.22,453.59
bursty0,0.0,0.0
batch0,504.56,504.56
batch1,495.22,453.59
bursty0,0.0,0.0
batch0,504.56,504.56
batch1,495.22,453.59
bursty0,0.0,0.0
batch0,504.56,504.56
batch1,495.22,453.59
bursty0,0.0,0.0
batch0,504.84,504.84
batch1,495.08,414.34
bursty0,0.0,0.0
batch0,504.84,504.84
batch1,495.08,414.34
bursty0,0.0,0.0
batch0,504.84,504.84
batch1,495.02,409.77
bursty0,0.0,0.0
batch0,504.84,504.84
batch1,495.1,407.6
bursty0,0.0,0.0
batch0,504.84,504.84
batch1,495.1,407.6
bursty0,0.0,0.0
batch0,504.84,504.84
batch1,495.02,405.08
bursty0,0.0,0.0
batch0,504.84,504.84
batch1,495.02,405.08
bursty0,0.0,0.0
batch0,504.84,504.84
batch1,495.02,405.08
bursty0,0.0,0.0
batch0,476.48,525.17
batch1,523.34,427.5
bursty0,0.0,0.0
batch0,476.08,525.04
batch1,523.92,425.67
bursty0,0.0,0.0
batch0,403.68,555.06
batch1,548.16,444.86
bursty0,0.0,0.0
batch0,403.68,555.06
batch1,522.76,444.74
bursty0,0.0,0.0
batch0,403.68,555.06
batch1,492.94,444.75
bursty0,0.0,0.0
batch0,403.68,555.06
batch1,484.82,444.91
bursty0,0.0,0.0
batch0,403.68,555.06
batch1,482.54,444.78
bursty0,0.0,0.0
batch0,403.68,555.06
batch1,464.76,444.83
bursty0,0.0,0.0
batch0,403.68,555.06
batch1,462.42,444.82
bursty0,0.0,0.0
batch0,403.68,555.06
batch1,462.42,444.82
bursty0,0.0,0.0
batch0,403.68,555.06
batch1,462.42,444.82
bursty0,0.0,0.0
batch0,367.44,505.23
batch1,495.78,494.68
bursty0,0.0,0.0
batch0,366.96,504.57
batch1,494.1,495.36
bursty0,0.0,0.0
batch0,367.2,504.9
batch1,487.26,495.1
bursty0,0.0,0.0
batch0,367.44,505.23
batch1,497.14,494.68
bursty0,0.0,0.0
batch0,367.44,505.23
batch1,497.14,494.68
bursty0,0.0,0.0
batch0,367.44,505.23
batch1,497.14,494.68
bursty0,0.0,0.0
batch0,367.44,505.23
batch1,497.14,494.68
bursty0,0.0,0.0
batch0,367.44,505.23
batch1,497.14,494.68
bursty0,0.0,0.0
batch0,367.44,505.23
batch1,497.14,494.68
bursty0,0.0,0.0
batch0,367.44,505.23
batch1,497.14,494.68
bursty0,0.0,0.0
batch0,367.44,505.23
batch1,497.14,494.68
bursty0,0.0,0.0
batch0,367.44,505.23
batch1,497.14,494.68
bursty0,0.0,0.0
batch0,367.44,505.23
batch1,497.14,494.68
bursty0,0.0,0.0
batch0,370.86,505.23
batch1,497.14,494.68
bursty0,0.0,0.0
batch0,370.87,505.23
batch1,497.14,494.68
bursty0,0.0,0.0
batch0,370.87,505.23
batch1,497.14,494.68
bursty0,0.0,0.0
batch0,374.07,505.23
batch1,497.14,494.68
bursty0,0.0,0.0
batch0,388.57,524.37
batch1,515.1,475.58
bursty0,0.0,0.0
batch0,404.32,545.16
batch1,539.58,454.79
bursty0,0.0,0.0
batch0,409.32,551.76
batch1,545.08,448.22
bursty0,0.0,0.0
batch0,411.07,554.07
batch1,545.5,445.91
bursty0,0.0,0.0
batch0,419.57,565.29
batch1,561.6,434.64
bursty0,0.0,0.0
batch0,423.72,565.62
batch1,565.52,434.36
bursty0,0.0,0.0
batch0,426.53,565.62
batch1,565.52,434.36
bursty0,0.0,0.0
batch0,428.5,565.62
batch1,565.52,434.36
bursty0,0.0,0.0
batch0,434.75,573.87
batch1,565.16,397.94
bursty0,0.0,0.0
batch0,434.75,573.87
batch1,565.04,394.76
bursty0,0.0,0.0
batch0,434.75,573.87
batch1,565.22,386.09
bursty0,0.0,0.0
batch0,434.75,573.87
batch1,565.22,386.09
bursty0,0.0,0.0
batch0,434.75,573.87
batch1,565.22,386.09
bursty0,0.0,0.0
batch0,434.75,573.87
batch1,565.22,386.09
bursty0,0.0,0.0
batch0,434.75,573.87
batch1,565.04,390.85
bursty0,0.0,0.0
batch0,434.75,573.87
batch1,565.22,402.75
bursty0,0.0,0.0
batch0,434.75,573.87
batch1,565.08,404.79
bursty0,0.0,0.0
batch0,434.74,569.58
batch1,565.2,406.49
bursty0,0.0,0.0
batch0,436.67,565.07
batch1,563.28,409.04
bursty0,0.0,0.0
batch0,440.7,565.18
batch1,559.3,406.83
bursty0,0.0,0.0
batch0,440.51,561.55
batch1,559.3,406.83
bursty0,0.0,0.0
batch0,442.78,565.18
batch1,557.2,408.7
bursty0,0.0,0.0
batch0,442.78,565.18
batch1,557.2,408.7
bursty0,0.0,0.0
batch0,441.23,565.21
batch1,558.72,410.06
bursty0,0.0,0.0
batch0,441.01,565.39
batch1,558.96,410.23
bursty0,0.0,0.0
batch0,440.53,565.3
batch1,559.44,410.57
bursty0,0.0,0.0
batch0,440.01,565.14
batch1,559.92,410.91
bursty0,0.0,0.0
batch0,439.73,565.17
batch1,560.16,411.08
bursty0,0.0,0.0
batch0,439.35,565.15
batch1,560.64,411.42
bursty0,0.0,0.0
batch0,426.82,575.1
batch1,573.12,420.26
bursty0,0.0,0.0
batch0,426.82,575.1
batch1,573.12,420.26
bursty0,0.0,0.0
batch0,426.82,575.1
batch1,573.12,420.26
bursty0,0.0,0.0
batch0,424.32,578.23
batch1,575.04,421.62
bursty0,0.0,0.0
batch0,424.32,578.23
batch1,575.04,421.62
bursty0,0.0,0.0
batch0,424.32,578.23
batch1,575.04,421.62
bursty0,0.0,0.0
batch0,423.28,578.28
batch1,575.04,421.62
bursty0,0.0,0.0
batch0,412.5,578.35
batch1,575.04,421.62
bursty0,0.0,0.0
batch0,412.5,578.35
batch1,575.04,421.62
bursty0,0.0,0.0
batch0,412.5,578.35
batch1,575.04,421.62
bursty0,0.0,0.0
batch0,412.5,578.35
batch1,575.04,421.62
bursty0,0.0,0.0
batch0,412.5,578.35
batch1,575.04,421.62
bursty0,0.0,0.0
batch0,412.5,578.35
batch1,575.04,421.62
bursty0,0.0,0.0
batch0,412.5,578.35
batch1,575.04,421.62
bursty0,0.0,0.0
batch0,412.5,578.35
batch1,575.04,421.62
bursty0,0.0,0.0
batch0,412.5,578.35
batch1,575.04,421.62
bursty0,0.0,0.0
batch0,399.44,578.3
batch1,575.04,421.62
bursty0,0.0,0.0
batch0,398.62,578.25
batch1,575.04,421.62
bursty0,0.0,0.0
batch0,398.62,578.25
batch1,575.04,421.62
bursty0,0.0,0.0
batch0,404.3,578.33
batch1,575.04,421.62
bursty0,0.0,0.0
batch0,373.66,578.28
batch1,575.04,421.62
bursty0,0.0,0.0
batch0,332.08,578.32
batch1,575.04,421.62
bursty0,0.0,0.0
batch0,315.46,578.29
batch1,575.04,421.62
bursty0,0.0,0.0
batch0,368.26,578.29
batch1,575.04,421.62
bursty0,0.0,0.0
batch0,371.08,578.35
batch1,575.04,421.62
bursty0,0.0,0.0
batch0,424.9,559.63
batch1,575.04,421.62
bursty0,0.0,0.0
batch0,436.36,562.88
batch1,563.52,413.46
bursty0,0.0,0.0
batch0,436.48,522.71
batch1,563.52,413.46
bursty0,0.0,0.0
batch0,436.72,521.75
batch1,563.28,413.29
bursty0,0.0,0.0
batch0,437.12,471.64
batch1,562.8,412.95
bursty0,0.0,0.0
batch0,437.22,400.05
batch1,562.56,412.78
bursty0,0.0,0.0
batch0,437.84,370.48
batch1,562.08,412.44
bursty0,0.0,0.0
batch0,450.32,381.04
batch1,549.6,403.6
bursty0,0.0,0.0
batch0,504.66,427.02
batch1,495.12,365.01
bursty0,0.0,0.0
batch0,504.66,427.02
batch1,495.12,365.01
bursty0,0.0,0.0
batch0,504.66,427.02
batch1,495.12,365.01
bursty0,0.0,0.0
batch0,504.66,427.02
batch1,495.12,365.01
bursty0,0.0,0.0
batch0,504.66,427.02
batch1,495.12,365.01
bursty0,0.0,0.0
batch0,504.66,427.02
batch1,495.12,365.01
bursty0,0.0,0.0
batch0,504.66,427.02
batch1,495.12,365.01
bursty0,0.0,0.0
batch0,504.66,427.02
batch1,495.12,365.01
bursty0,0.0,0.0
batch0,504.66,427.02
batch1,495.12,365.01
bursty0,0.0,0.0
batch0,504.66,427.02
batch1,495.12,365.01
bursty0,0.0,0.0
batch0,504.66,427.02
batch1,495.12,365.01
bursty0,0.0,0.0
batch0,504.66,427.02
batch1,495.12,365.01
bursty0,0.0,0.0
batch0,504.66,427.02
batch1,495.12,365.01
bursty0,0.0,0.0
batch0,504.66,427.02
batch1,495.12,365.01
bursty0,0.0,0.0
batch0,504.66,427.02
batch1,495.12,365.01
bursty0,0.0,0.0
batch0,504.66,427.02
batch1,495.12,365.01
bursty0,0.0,0.0
batch0,504.66,427.02
batch1,495.12,365.01
bursty0,0.0,0.0
batch0,504.66,427.02
batch1,495.12,365.01
bursty0,0.0,0.0
batch0,504.66,427.02
batch1,495.12,365.01
bursty0,0.0,0.0
batch0,504.66,427.02
batch1,495.12,365.01
bursty0,0.0,0.0
batch0,504.66,427.02
batch1,495.12,365.01
bursty0,0.0,0.0
batch0,504.66,427.02
batch1,495.12,365.01
bursty0,0.0,0.0
batch0,504.66,427.02
batch1,495.12,365.01
bursty0,0.0,0.0
batch0,504.66,427.02
batch1,495.12,365.01
bursty0,0.0,0.0
batch0,504.66,427.02
batch1,495.12,365.01
bursty0,0.0,0.0
batch0,504.66,427.02
batch1,495.12,365.01
bursty0,0.0,0.0
batch0,504.66,427.02
batch1,495.12,365.01
bursty0,0.0,0.0
batch0,504.66,427.02
batch1,495.12,365.01
bursty0,0.0,0.0
batch0,504.66,427.02
batch1,495.12,365.01
bursty0,0.0,0.0
batch0,504.66,427.02
batch1,495.12,365.01
bursty0,0.0,0.0
batch0,504.66,427.02
batch1,495.12,365.01
bursty0,0.0,0.0
batch0,504.66,427.02
batch1,495.12,365.01
bursty0,0.0,0.0
batch0,504.66,427.02
batch1,495.12,365.01
bursty0,0.0,0.0
batch0,504.66,427.02
batch1,495.12,365.01
bursty0,0.0,0.0
batch0,504.66,427.02
batch1,495.12,365.01
bursty0,0.0,0.0
batch0,504.82,447.66
batch1,495.12,365.01
bursty0,0.0,0.0
batch0,504.86,462.34
batch1,495.12,365.01
bursty0,0.0,0.0
batch0,504.7,486.58
batch1,495.12,365.01
bursty0,0.0,0.0
batch0,504.77,493.91
batch1,495.12,365.01
bursty0,0.0,0.0
batch0,504.88,500.96
batch1,495.12,365.01
bursty0,0.0,0.0
batch0,504.68,501.0
batch1,495.12,365.01
bursty0,0.0,0.0
batch0,500.45,505.11
batch1,499.44,368.07
bursty0,0.0,0.0
batch0,494.73,511.15
batch1,505.2,372.15
bursty0,0.0,0.0
batch0,493.57,515.19
batch1,506.4,373.0
bursty0,0.0,0.0
batch0,493.39,489.96
batch1,506.4,373.0
bursty0,0.0,0.0
batch0,493.5,434.28
batch1,506.4,373.0
bursty0,0.0,0.0
batch0,493.5,434.28
batch1,506.4,373.0
bursty0,0.0,0.0
batch0,493.5,434.28
batch1,506.4,373.0
bursty0,0.0,0.0
batch0,504.75,444.18
batch1,495.12,365.01
bursty0,0.0,0.0
batch0,504.75,444.18
batch1,495.24,360.76
bursty0,0.0,0.0
batch0,504.75,444.18
batch1,495.2,359.57
bursty0,0.0,0.0
batch0,504.75,444.18
batch1,495.19,358.72
bursty0,0.0,0.0
batch0,504.75,444.18
batch1,495.1,356.68
bursty0,0.0,0.0
batch0,504.75,444.18
batch1,495.15,356.51
bursty0,0.0,0.0
batch0,504.75,444.18
batch1,495.15,356.51
bursty0,0.0,0.0
batch0,504.75,444.18
batch1,495.18,354.98
bursty0,0.0,0.0
batch0,504.75,444.18
batch1,495.18,354.98
bursty0,0.0,0.0
batch0,504.75,444.18
batch1,495.11,354.81
bursty0,0.0,0.0
batch0,504.75,444.18
batch1,495.11,354.64
bursty0,0.0,0.0
batch0,504.75,444.18
batch1,495.17,354.64
bursty0,0.0,0.0
batch0,504.75,444.18
batch1,495.17,354.64
bursty0,0.0,0.0
batch0,504.75,444.18
batch1,495.17,354.64
bursty0,0.0,0.0
batch0,504.75,444.18
batch1,495.17,354.64
bursty0,0.0,0.0
batch0,504.75,444.18
batch1,495.17,354.64
bursty0,0.0,0.0
batch0,504.81,449.25
batch1,495.16,353.96
bursty0,0.0,0.0
batch0,504.91,505.16
batch1,495.05,352.09
bursty0,0.0,0.0
batch0,504.91,505.16
batch1,495.05,352.09
bursty0,0.0,0.0
batch0,504.91,505.16
batch1,495.05,352.09
bursty0,0.0,0.0
batch0,502.69,505.15
batch1,497.3,353.62
bursty0,0.0,0.0
batch0,502.61,369.16
batch1,497.3,353.62
bursty0,0.0,0.0
batch0,504.68,358.16
batch1,495.3,352.26
bursty0,0.0,0.0
batch0,504.68,358.16
batch1,495.3,352.26
bursty0,0.0,0.0
batch0,504.68,358.16
batch1,495.3,352.26
bursty0,0.0,0.0
batch0,504.68,358.16
batch1,495.3,352.26
bursty0,0.0,0.0
batch0,504.68,358.16
batch1,495.3,352.26
bursty0,0.0,0.0
batch0,504.68,358.16
batch1,495.3,352.26
bursty0,0.0,0.0
batch0,504.68,358.16
batch1,495.3,352.26
bursty0,0.0,0.0
batch0,504.68,358.16
batch1,495.3,352.26
bursty0,0.0,0.0
batch0,504.68,358.16
batch1,495.3,352.26
bursty0,0.0,0.0
batch0,504.68,358.16
batch1,495.3,352.26
bursty0,0.0,0.0
batch0,504.68,358.16
batch1,495.3,352.26
bursty0,0.0,0.0
batch0,486.17,515.38
batch1,513.8,364.84
bursty0,0.0,0.0
batch0,482.84,525.0
batch1,517.05,367.05
bursty0,0.0,0.0
batch0,485.16,323.0
batch1,514.8,365.52
bursty0,0.0,0.0
batch0,491.04,312.48
batch1,508.8,361.44
bursty0,0.0,0.0
batch0,492.69,313.53
batch1,507.3,360.42
bursty0,0.0,0.0
batch0,492.69,313.53
batch1,507.3,360.42
bursty0,0.0,0.0
batch0,492.69,313.53
batch1,507.3,360.42
bursty0,0.0,0.0
batch0,504.9,321.3
batch1,495.05,352.09
bursty0,0.0,0.0
batch0,504.9,321.3
batch1,495.05,352.09
bursty0,0.0,0.0
batch0,504.9,321.3
batch1,495.05,352.09
bursty0,0.0,0.0
batch0,504.9,321.3
batch1,495.05,352.09
bursty0,0.0,0.0
batch0,504.9,321.3
batch1,495.05,352.09
bursty0,0.0,0.0
batch0,504.9,321.3
batch1,495.05,352.09
bursty0,0.0,0.0
batch0,504.9,321.3
batch1,495.05,352.09
bursty0,0.0,0.0
batch0,504.9,321.3
batch1,495.05,352.09
bursty0,0.0,0.0
batch0,504.9,321.3
batch1,495.05,352.09
bursty0,0.0,0.0
batch0,504.78,504.7
batch1,495.05,352.09
bursty0,0.0,0.0
batch0,493.62,515.04
batch1,506.3,359.74
bursty0,0.0,0.0
batch0,493.57,350.76
batch1,506.3,359.74
bursty0,0.0,0.0
batch0,493.64,334.97
batch1,506.3,359.74
bursty0,0.0,0.0
batch0,504.84,342.57
batch1,495.05,352.09
bursty0,0.0,0.0
batch0,504.84,342.57
batch1,495.05,352.09
bursty0,0.0,0.0
batch0,504.84,342.57
batch1,495.05,352.09
bursty0,0.0,0.0
batch0,504.84,342.57
batch1,495.05,352.09
bursty0,0.0,0.0
batch0,504.84,342.57
batch1,495.05,352.09
bursty0,0.0,0.0
batch0,504.84,342.57
batch1,495.05,352.09
bursty0,0.0,0.0
batch0,504.84,342.57
batch1,495.05,352.09
bursty0,0.0,0.0
batch0,504.84,342.57
batch1,495.05,352.09
bursty0,0.0,0.0
batch0,504.84,342.57
batch1,495.05,352.09
bursty0,0.0,0.0
batch0,504.84,342.57
batch1,495.05,352.09
bursty0,0.0,0.0
batch0,504.84,342.57
batch1,495.05,352.09
bursty0,0.0,0.0
batch0,504.84,342.57
batch1,495.05,352.09
bursty0,0.0,0.0
batch0,504.77,478.76
batch1,495.05,352.09
bursty0,0.0,0.0
batch0,504.91,494.78
batch1,495.05,352.09
bursty0,0.0,0.0
batch0,484.76,523.08
batch1,515.05,365.69
bursty0,0.0,0.0
batch0,484.76,523.08
batch1,515.05,365.69
bursty0,0.0,0.0
batch0,441.54,565.04
batch1,558.3,395.1
bursty0,0.0,0.0
batch0,434.76,566.41
batch1,565.05,399.69
bursty0,0.0,0.0
batch0,434.7,547.71
batch1,565.3,399.86
bursty0,0.0,0.0
batch0,444.69,556.22
batch1,555.3,393.06
bursty0,0.0,0.0
batch0,444.69,556.22
batch1,555.3,393.06
bursty0,0.0,0.0
batch0,444.69,556.22
batch1,555.3,393.06
bursty0,0.0,0.0
batch0,444.69,556.22
batch1,555.3,393.06
bursty0,0.0,0.0
batch0,444.69,556.22
batch1,555.3,393.06
bursty0,0.0,0.0
batch0,444.54,395.13
batch1,555.3,393.06
bursty0,0.0,0.0
batch0,444.69,378.81
batch1,555.3,393.06
bursty0,0.0,0.0
batch0,504.9,430.1
batch1,495.05,352.09
bursty0,0.0,0.0
batch0,504.84,467.59
batch1,495.05,352.09
bursty0,0.0,0.0
batch0,424.88,582.41
batch1,575.05,406.49
bursty0,0.0,0.0
batch0,424.88,582.41
batch1,575.05,406.49
bursty0,0.0,0.0
batch0,424.8,584.1
batch1,575.05,406.49
bursty0,0.0,0.0
batch0,424.8,584.1
batch1,575.05,406.49
bursty0,0.0,0.0
batch0,424.8,584.1
batch1,575.05,406.49
bursty0,0.0,0.0
batch0,424.8,584.1
batch1,575.05,406.49
bursty0,0.0,0.0
batch0,424.8,584.1
batch1,575.05,406.49
bursty0,0.0,0.0
batch0,424.8,584.1
batch1,575.05,406.49
bursty0,0.0,0.0
batch0,424.83,582.45
batch1,575.05,406.49
bursty0,0.0,0.0
batch0,424.83,582.45
batch1,575.05,406.49
bursty0,0.0,0.0
batch0,424.91,582.44
batch1,575.05,406.49
bursty0,0.0,0.0
batch0,424.81,579.84
batch1,575.05,406.49
bursty0,0.0,0.0
batch0,424.81,579.84
batch1,575.05,406.49
bursty0,0.0,0.0
batch0,424.81,580.24
batch1,575.05,406.49
bursty0,0.0,0.0
batch0,424.81,580.24
batch1,575.05,406.49
bursty0,0.0,0.0
batch0,424.8,579.15
batch1,575.05,406.49
bursty0,0.0,0.0
batch0,424.75,577.66
batch1,575.05,406.49
bursty0,0.0,0.0
batch0,424.75,577.66
batch1,575.05,406.49
bursty0,0.0,0.0
batch0,424.75,577.66
batch1,575.05,406.49
bursty0,0.0,0.0
batch0,424.75,577.66
batch1,575.05,406.49
bursty0,0.0,0.0
batch0,424.75,577.66
batch1,575.05,406.49
bursty0,0.0,0.0
batch0,424.87,577.87
batch1,575.05,406.49
bursty0,0.0,0.0
batch0,424.87,577.87
batch1,575.05,406.49
bursty0,0.0,0.0
batch0,424.87,578.14
batch1,575.05,406.49
bursty0,0.0,0.0
batch0,424.87,578.14
batch1,575.05,406.49
bursty0,0.0,0.0
batch0,434.78,567.87
batch1,565.05,399.69
bursty0,0.0,0.0
batch0,453.29,555.11
batch1,546.55,387.11
bursty0,0.0,0.0
batch0,452.19,555.06
batch1,547.6,387.16
bursty0,0.0,0.0
batch0,466.24,493.81
batch1,533.6,377.64
bursty0,0.0,0.0
batch0,466.64,493.66
batch1,533.35,377.47
bursty0,0.0,0.0
batch0,495.34,505.0
batch1,504.48,357.68
bursty0,0.0,0.0
batch0,498.54,498.26
batch1,501.23,355.47
bursty0,0.0,0.0
batch0,498.54,498.26
batch1,501.23,355.47
bursty0,0.0,0.0
batch0,504.54,502.66
batch1,495.31,351.47
bursty0,0.0,0.0
batch0,504.84,502.88
batch1,495.16,351.32
bursty0,0.0,0.0
batch0,504.84,502.88
batch1,495.16,351.32
bursty0,0.0,0.0
batch0,504.84,502.88
batch1,495.16,351.32
bursty0,0.0,0.0
batch0,504.84,502.88
batch1,495.1,350.98
bursty0,0.0,0.0
batch0,504.84,502.88
batch1,495.16,350.8
bursty0,0.0,0.0
batch0,504.54,502.66
batch1,495.23,350.35
bursty0,0.0,0.0
batch0,504.84,502.88
batch1,495.16,350.2
bursty0,0.0,0.0
batch0,504.84,502.88
batch1,495.15,345.05
bursty0,0.0,0.0
batch0,504.54,502.66
batch1,495.34,273.36
bursty0,0.0,0.0
batch0,504.76,484.35
batch1,495.11,248.33
bursty0,0.0,0.0
batch0,504.56,446.78
batch1,495.15,241.25
bursty0,0.0,0.0
batch0,504.56,446.78
batch1,495.15,241.25
bursty0,0.0,0.0
batch0,504.6,370.04
batch1,495.15,241.25
bursty0,0.0,0.0
batch0,504.6,370.04
batch1,495.15,241.25
bursty0,0.0,0.0
batch0,504.6,370.04
batch1,495.15,241.25
bursty0,0.0,0.0
batch0,504.6,370.04
batch1,495.15,241.25
bursty0,0.0,0.0
batch0,504.6,370.04
batch1,495.15,241.25
bursty0,0.0,0.0
batch0,504.6,370.04
batch1,495.15,241.25
bursty0,0.0,0.0
batch0,504.6,370.04
batch1,495.33,287.59
bursty0,0.0,0.0
batch0,504.6,370.04
batch1,495.24,332.97
bursty0,0.0,0.0
batch0,542.1,397.54
batch1,457.8,535.05
bursty0,0.0,0.0
batch0,545.1,399.74
batch1,454.74,535.9
bursty0,0.0,0.0
batch0,545.1,399.74
batch1,454.74,535.9
bursty0,0.0,0.0
batch0,545.1,399.74
batch1,454.74,535.9
bursty0,0.0,0.0
batch0,545.1,399.74
batch1,454.74,535.9
bursty0,0.0,0.0
batch0,545.1,399.74
batch1,454.74,535.9
bursty0,0.0,0.0
batch0,545.1,399.74
batch1,454.74,535.9
bursty0,0.0,0.0
batch0,545.1,399.74
batch1,454.74,535.9
bursty0,0.0,0.0
batch0,545.1,399.74
batch1,454.74,535.9
bursty0,0.0,0.0
batch0,545.1,399.74
batch1,454.74,535.9
bursty0,0.0,0.0
batch0,545.1,399.74
batch1,454.74,535.9
bursty0,0.0,0.0
batch0,545.1,399.74
batch1,454.74,535.9
bursty0,0.0,0.0
batch0,545.1,399.74
batch1,454.74,535.9
bursty0,0.0,0.0
batch0,545.1,399.74
batch1,454.74,535.9
bursty0,0.0,0.0
batch0,545.1,399.74
batch1,454.74,535.9
bursty0,0.0,0.0
batch0,545.1,399.74
batch1,454.74,535.9
bursty0,0.0,0.0
batch0,545.1,399.74
batch1,454.74,535.9
bursty0,0.0,0.0
batch0,545.1,399.74
batch1,454.74,535.9
bursty0,0.0,0.0
batch0,545.1,399.74
batch1,454.74,535.9
bursty0,0.0,0.0
batch0,545.1,399.74
batch1,454.74,535.9
bursty0,0.0,0.0
batch0,545.1,399.74
batch1,454.74,535.9
bursty0,0.0,0.0
batch0,545.1,399.74
batch1,454.74,535.9
bursty0,0.0,0.0
batch0,545.1,399.74
batch1,454.74,535.9
bursty0,0.0,0.0
batch0,515.4,377.96
batch1,484.56,505.2
bursty0,0.0,0.0
batch0,505.2,370.48
batch1,494.7,499.37
bursty0,0.0,0.0
batch0,505.2,370.48
batch1,494.7,499.37
bursty0,0.0,0.0
batch0,505.2,370.48
batch1,494.7,499.37
bursty0,0.0,0.0
batch0,505.2,370.48
batch1,494.7,499.37
bursty0,0.0,0.0
batch0,505.2,370.48
batch1,494.7,499.37
bursty0,0.0,0.0
batch0,505.2,370.48
batch1,494.7,499.37
bursty0,0.0,0.0
batch0,505.2,370.48
batch1,494.7,499.37
bursty0,0.0,0.0
batch0,505.2,446.48
batch1,494.7,499.37
bursty0,0.0,0.0
batch0,505.1,441.82
batch1,494.7,499.37
bursty0,0.0,0.0
batch0,505.1,441.82
batch1,494.7,499.37
bursty0,0.0,0.0
batch0,505.1,441.82
batch1,494.7,499.37
bursty0,0.0,0.0
batch0,505.1,441.82
batch1,494.7,499.37
bursty0,0.0,0.0
batch0,505.1,441.82
batch1,494.7,499.37
bursty0,0.0,0.0
batch0,505.1,441.82
batch1,494.7,499.37
bursty0,0.0,0.0
batch0,505.1,441.82
batch1,494.7,499.37
bursty0,0.0,0.0
batch0,505.1,441.82
batch1,494.7,499.37
bursty0,0.0,0.0
batch0,505.1,441.82
batch1,494.7,499.37
bursty0,0.0,0.0
batch0,505.1,441.82
batch1,494.7,499.37
bursty0,0.0,0.0
batch0,505.1,441.82
batch1,494.81,501.0
bursty0,0.0,0.0
batch0,525.2,456.56
batch1,474.58,520.13
bursty0,0.0,0.0
batch0,536.3,464.7
batch1,439.85,535.1
bursty0,0.0,0.0
batch0,536.3,464.7
batch1,432.08,535.24
bursty0,0.0,0.0
batch0,536.3,464.7
batch1,432.08,535.24
bursty0,0.0,0.0
batch0,536.3,464.7
batch1,432.08,535.24
bursty0,0.0,0.0
batch0,536.3,464.7
batch1,432.08,535.24
bursty0,0.0,0.0
batch0,555.0,407.0
batch1,444.82,551.41
bursty0,0.0,0.0
batch0,555.9,407.66
batch1,444.06,555.03
bursty0,0.0,0.0
batch0,555.9,407.66
batch1,444.06,555.03
bursty0,0.0,0.0
batch0,555.9,407.66
batch1,444.06,555.03
bursty0,0.0,0.0
batch0,555.9,407.66
batch1,444.06,555.03
bursty0,0.0,0.0
batch0,555.9,407.66
batch1,444.06,555.03
bursty0,0.0,0.0
batch0,555.9,407.66
batch1,444.06,555.03
bursty0,0.0,0.0
batch0,555.9,407.66
batch1,444.06,555.03
bursty0,0.0,0.0
batch0,555.9,407.66
batch1,444.06,555.03
bursty0,0.0,0.0
batch0,555.9,407.66
batch1,444.06,555.03
bursty0,0.0,0.0
batch0,555.9,407.66
batch1,444.06,555.03
bursty0,0.0,0.0
batch0,555.9,407.66
batch1,444.06,555.03
bursty0,0.0,0.0
batch0,555.9,407.66
batch1,444.06,555.03
bursty0,0.0,0.0
batch0,555.9,407.66
batch1,444.06,555.03
bursty0,0.0,0.0
batch0,555.9,407.66
batch1,444.06,555.03
bursty0,0.0,0.0
batch0,557.7,408.98
batch1,442.16,555.03
bursty0,0.0,0.0
batch0,557.7,408.98
batch1,442.16,555.03
bursty0,0.0,0.0
batch0,557.7,408.98
batch1,442.16,555.03
bursty0,0.0,0.0
batch0,557.7,408.98
batch1,442.16,555.03
bursty0,0.0,0.0
batch0,557.7,408.98
batch1,442.16,555.03
bursty0,0.0,0.0
batch0,557.7,408.98
batch1,442.16,555.03
bursty0,0.0,0.0
batch0,557.7,408.98
batch1,442.16,555.03
bursty0,0.0,0.0
batch0,557.7,408.98
batch1,442.16,555.03
bursty0,0.0,0.0
batch0,557.7,408.98
batch1,442.16,555.03
bursty0,0.0,0.0
batch0,557.7,408.98
batch1,442.16,555.03
bursty0,0.0,0.0
batch0,557.7,408.98
batch1,442.16,555.03
bursty0,0.0,0.0
batch0,557.7,408.98
batch1,442.16,555.03
bursty0,0.0,0.0
batch0,557.7,408.98
batch1,442.16,555.03
bursty0,0.0,0.0
batch0,557.7,408.98
batch1,442.16,555.03
bursty0,0.0,0.0
batch0,557.7,408.98
batch1,442.16,555.03
bursty0,0.0,0.0
batch0,557.7,408.98
batch1,442.16,555.03
bursty0,0.0,0.0
batch0,557.7,408.98
batch1,442.16,555.03
bursty0,0.0,0.0
batch0,557.7,408.98
batch1,442.16,555.03
bursty0,0.0,0.0
batch0,557.7,408.98
batch1,442.16,555.03
bursty0,0.0,0.0
batch0,557.7,408.98
batch1,442.16,555.03
bursty0,0.0,0.0
batch0,557.7,408.98
batch1,442.16,555.03
bursty0,0.0,0.0
batch0,557.7,408.98
batch1,442.16,555.03
bursty0,0.0,0.0
batch0,557.7,408.98
batch1,442.16,555.03
bursty0,0.0,0.0
batch0,557.7,408.98
batch1,442.16,555.03
bursty0,0.0,0.0
batch0,557.7,408.98
batch1,442.16,555.03
bursty0,0.0,0.0
batch0,557.7,408.98
batch1,442.16,555.03
bursty0,0.0,0.0
batch0,557.7,408.98
batch1,442.16,555.03
bursty0,0.0,0.0
batch0,557.8,410.88
batch1,442.16,555.03
bursty0,0.0,0.0
batch0,557.7,414.02
batch1,442.16,555.03
bursty0,0.0,0.0
batch0,557.7,416.34
batch1,442.16,555.03
bursty0,0.0,0.0
batch0,557.75,423.89
batch1,442.16,555.03
bursty0,0.0,0.0
batch0,557.75,423.89
batch1,442.16,555.03
bursty0,0.0,0.0
batch0,557.75,423.89
batch1,442.16,555.03
bursty0,0.0,0.0
batch0,557.75,423.89
batch1,442.16,555.03
bursty0,0.0,0.0
batch0,557.75,423.89
batch1,442.16,555.03
bursty0,0.0,0.0
batch0,557.75,423.89
batch1,442.16,555.03
bursty0,0.0,0.0
batch0,557.75,423.89
batch1,442.16,555.03
bursty0,0.0,0.0
batch0,557.75,423.89
batch1,442.16,555.03
bursty0,0.0,0.0
batch0,557.75,423.89
batch1,442.16,555.03
bursty0,0.0,0.0
batch0,557.75,423.89
batch1,442.16,555.03
bursty0,0.0,0.0
batch0,557.75,423.89
batch1,442.16,555.03
bursty0,0.0,0.0
batch0,555.41,444.87
batch1,442.16,555.03
bursty0,0.0,0.0
batch0,525.72,444.84
batch1,442.16,555.03
bursty0,0.0,0.0
batch0,545.22,461.34
batch1,425.16,538.53
bursty0,0.0,0.0
batch0,545.22,461.34
batch1,425.22,538.62
bursty0,0.0,0.0
batch0,545.22,461.34
batch1,425.2,538.61
bursty0,0.0,0.0
batch0,545.22,461.34
batch1,425.2,538.61
bursty0,0.0,0.0
batch0,545.22,461.34
batch1,425.2,538.61
bursty0,0.0,0.0
batch0,545.22,461.34
batch1,425.2,538.61
bursty0,0.0,0.0
batch0,545.22,461.34
batch1,427.86,538.54
bursty0,0.0,0.0
batch0,545.22,461.34
batch1,433.7,538.47
bursty0,0.0,0.0
batch0,545.22,461.34
batch1,433.7,538.47
bursty0,0.0,0.0
batch0,545.22,461.34
batch1,433.7,538.47
bursty0,0.0,0.0
batch0,545.22,461.34
batch1,433.7,538.47
bursty0,0.0,0.0
batch0,545.22,461.34
batch1,433.7,538.47
bursty0,0.0,0.0
batch0,545.22,461.34
batch1,433.7,538.47
bursty0,0.0,0.0
batch0,545.22,461.34
batch1,433.7,538.47
bursty0,0.0,0.0
batch0,545.22,461.34
batch1,433.7,538.47
bursty0,0.0,0.0
batch0,498.2,461.41
batch1,433.7,538.47
bursty0,0.0,0.0
batch0,452.26,461.35
batch1,433.7,538.47
bursty0,0.0,0.0
batch0,477.18,486.27
batch1,409.94,513.63
bursty0,0.0,0.0
batch0,495.66,504.75
batch1,392.34,495.23
bursty0,0.0,0.0
batch0,495.66,504.75
batch1,392.34,495.23
bursty0,0.0,0.0
batch0,495.66,504.75
batch1,401.16,495.2
bursty0,0.0,0.0
batch0,495.94,505.03
batch1,503.86,434.45
bursty0,0.0,0.0
batch0,495.94,505.03
batch1,504.06,429.75
bursty0,0.0,0.0
batch0,495.94,505.03
batch1,504.02,422.59
bursty0,0.0,0.0
batch0,495.94,505.03
batch1,504.02,422.59
bursty0,0.0,0.0
batch0,495.94,505.03
batch1,503.86,408.35
bursty0,0.0,0.0
batch0,495.94,505.03
batch1,503.9,393.55
bursty0,0.0,0.0
batch0,495.94,505.03
batch1,503.9,393.55
bursty0,0.0,0.0
batch0,495.94,505.03
batch1,503.9,393.55
bursty0,0.0,0.0
batch0,495.94,505.03
batch1,503.9,393.55
bursty0,0.0,0.0
batch0,495.94,505.03
batch1,503.9,393.55
bursty0,0.0,0.0
batch0,495.94,505.03
batch1,503.9,393.55
bursty0,0.0,0.0
batch0,495.94,505.03
batch1,503.9,393.55
bursty0,0.0,0.0
batch0,495.88,495.88
batch1,503.9,393.55
bursty0,0.0,0.0
batch0,504.84,504.84
batch1,495.08,381.22
bursty0,0.0,0.0
batch0,504.84,504.84
batch1,495.08,381.22
bursty0,0.0,0.0
batch0,504.84,504.84
batch1,495.1,365.45
bursty0,0.0,0.0
batch0,504.84,504.84
batch1,495.1,365.45
bursty0,0.0,0.0
batch0,504.84,504.84
batch1,495.1,365.45
bursty0,0.0,0.0
batch0,504.84,504.84
batch1,495.1,365.45
bursty0,0.0,0.0
batch0,504.84,504.84
batch1,495.1,365.45
bursty0,0.0,0.0
batch0,504.84,504.84
batch1,495.1,365.45
bursty0,0.0,0.0
batch0,504.84,504.84
batch1,495.04,361.76
bursty0,0.0,0.0
batch0,504.84,504.84
batch1,495.04,361.76
bursty0,0.0,0.0
batch0,504.84,504.84
batch1,495.04,361.76
bursty0,0.0,0.0
batch0,504.84,504.84
batch1,495.04,361.76
bursty0,0.0,0.0
batch0,504.84,504.84
batch1,495.04,361.76
bursty0,0.0,0.0
batch0,504.84,504.84
batch1,495.04,361.76
bursty0,0.0,0.0
batch0,504.84,504.84
batch1,495.04,361.76
bursty0,0.0,0.0
batch0,504.84,504.84
batch1,495.04,361.76
bursty0,0.0,0.0
batch0,504.84,504.84
batch1,495.04,361.76
bursty0,0.0,0.0
batch0,504.84,504.84
batch1,495.04,361.76
bursty0,0.0,0.0
batch0,504.84,504.84
batch1,495.04,361.76
bursty0,0.0,0.0
batch0,504.84,504.84
batch1,495.04,361.76
bursty0,0.0,0.0
batch0,504.84,504.84
batch1,495.04,361.76
bursty0,0.0,0.0
batch0,504.84,504.84
batch1,495.04,361.76
bursty0,0.0,0.0
batch0,504.84,504.84
batch1,495.04,361.76
bursty0,0.0,0.0
batch0,504.94,505.39
batch1,495.04,361.76
bursty0,0.0,0.0
batch0,494.72,507.42
batch1,505.18,369.17
bursty0,0.0,0.0
batch0,492.8,515.2
batch1,507.0,370.5
bursty0,0.0,0.0
batch0,492.8,515.2
batch1,507.0,370.5
bursty0,0.0,0.0
batch0,492.98,514.97
batch1,507.0,370.5
bursty0,0.0,0.0
batch0,492.98,514.97
batch1,507.0,370.5
bursty0,0.0,0.0
batch0,492.98,514.97
batch1,507.0,370.5
bursty0,0.0,0.0
batch0,492.98,514.97
batch1,507.0,370.5
bursty0,0.0,0.0
batch0,492.98,514.97
batch1,507.0,370.5
bursty0,0.0,0.0
batch0,492.98,514.97
batch1,507.0,370.5
bursty0,0.0,0.0
batch0,492.8,515.2
batch1,507.0,370.5
bursty0,0.0,0.0
batch0,492.8,515.2
batch1,507.0,370.5
bursty0,0.0,0.0
batch0,492.8,515.2
batch1,507.0,370.5
bursty0,0.0,0.0
batch0,492.8,515.2
batch1,507.0,370.5
bursty0,0.0,0.0
batch0,492.8,515.2
batch1,507.0,370.5
bursty0,0.0,0.0
batch0,492.8,515.2
batch1,507.0,370.5
bursty0,0.0,0.0
batch0,492.8,515.2
batch1,507.0,370.5
bursty0,0.0,0.0
batch0,492.8,515.2
batch1,507.0,370.5
bursty0,0.0,0.0
batch0,492.8,515.2
batch1,507.0,370.5
bursty0,0.0,0.0
batch0,492.8,515.2
batch1,507.0,370.5
bursty0,0.0,0.0
batch0,492.8,515.2
batch1,507.0,370.5
bursty0,0.0,0.0
batch0,492.8,515.2
batch1,507.0,370.5
bursty0,0.0,0.0
batch0,492.8,515.2
batch1,507.0,370.5
bursty0,0.0,0.0
batch0,492.8,515.2
batch1,507.0,370.5
bursty0,0.0,0.0
batch0,492.8,515.2
batch1,507.0,370.5
bursty0,0.0,0.0
batch0,492.8,515.2
batch1,507.0,370.5
bursty0,0.0,0.0
batch0,492.94,468.5
batch1,507.0,370.5
bursty0,0.0,0.0
batch0,492.9,396.53
batch1,507.0,370.5
bursty0,0.0,0.0
batch0,492.9,396.53
batch1,507.0,370.5
bursty0,0.0,0.0
batch0,492.96,393.68
batch1,507.0,370.5
bursty0,0.0,0.0
batch0,492.96,393.68
batch1,507.0,370.5
bursty0,0.0,0.0
batch0,492.96,393.68
batch1,507.0,370.5
bursty0,0.0,0.0
batch0,492.96,393.68
batch1,507.0,370.5
bursty0,0.0,0.0
batch0,492.96,393.68
batch1,507.0,370.5
bursty0,0.0,0.0
batch0,492.96,393.68
batch1,507.0,370.5
bursty0,0.0,0.0
batch0,492.82,390.54
batch1,507.0,370.5
bursty0,0.0,0.0
batch0,492.82,390.54
batch1,507.0,370.5
bursty0,0.0,0.0
batch0,492.82,390.54
batch1,507.0,370.5
bursty0,0.0,0.0
batch0,492.82,390.54
batch1,507.0,370.5
bursty0,0.0,0.0
batch0,492.82,390.54
batch1,507.0,370.5
bursty0,0.0,0.0
batch0,492.82,390.54
batch1,507.0,370.5
bursty0,0.0,0.0
batch0,492.82,390.54
batch1,507.0,370.5
bursty0,0.0,0.0
batch0,492.82,390.54
batch1,507.0,370.5
bursty0,0.0,0.0
batch0,493.0,387.33
batch1,507.0,370.5
bursty0,0.0,0.0
batch0,492.8,381.7
batch1,507.0,370.5
bursty0,0.0,0.0
batch0,492.8,381.7
batch1,507.0,370.5
bursty0,0.0,0.0
batch0,492.8,381.7
batch1,507.0,370.5
bursty0,0.0,0.0
batch0,492.8,381.7
batch1,507.0,370.5
bursty0,0.0,0.0
batch0,504.8,390.2
batch1,495.04,361.76
bursty0,0.0,0.0
batch0,504.8,390.2
batch1,495.04,361.76
bursty0,0.0,0.0
batch0,504.8,390.2
batch1,495.16,363.14
bursty0,0.0,0.0
batch0,504.72,357.51
batch1,495.16,363.14
bursty0,0.0,0.0
batch0,504.72,357.51
batch1,495.08,371.62
bursty0,0.0,0.0
batch0,504.96,357.68
batch1,495.0,377.1
bursty0,0.0,0.0
batch0,504.96,357.68
batch1,495.0,377.1
bursty0,0.0,0.0
batch0,504.96,357.68
batch1,495.0,377.1
bursty0,0.0,0.0
batch0,504.96,357.68
batch1,495.0,377.1
bursty0,0.0,0.0
batch0,504.96,357.68
batch1,495.0,377.1
bursty0,0.0,0.0
batch0,504.96,357.68
batch1,495.0,377.1
bursty0,0.0,0.0
batch0,504.96,357.68
batch1,495.0,377.1
bursty0,0.0,0.0
batch0,504.96,357.68
batch1,495.0,377.1
bursty0,0.0,0.0
batch0,504.96,357.68
batch1,495.02,380.23
bursty0,0.0,0.0
batch0,504.96,357.68
batch1,495.02,380.23
bursty0,0.0,0.0
batch0,504.96,357.68
batch1,495.0,396.0
bursty0,0.0,0.0
batch0,504.96,357.68
batch1,495.0,396.0
bursty0,0.0,0.0
batch0,504.96,357.68
batch1,495.0,396.0
bursty0,0.0,0.0
batch0,504.96,357.68
batch1,495.0,396.0
bursty0,0.0,0.0
batch0,504.96,357.68
batch1,495.0,396.0
bursty0,0.0,0.0
batch0,504.96,357.68
batch1,495.0,396.0
bursty0,0.0,0.0
batch0,504.72,357.51
batch1,495.16,398.54
bursty0,0.0,0.0
batch0,504.72,357.51
batch1,495.16,398.54
bursty0,0.0,0.0
batch0,504.72,357.51
batch1,495.16,398.54
bursty0,0.0,0.0
batch0,504.72,357.51
batch1,495.16,398.54
bursty0,0.0,0.0
batch0,504.72,357.51
batch1,495.16,398.54
bursty0,0.0,0.0
batch0,504.72,357.51
batch1,495.16,398.54
bursty0,0.0,0.0
batch0,504.72,357.51
batch1,495.16,398.54
bursty0,0.0,0.0
batch0,504.72,357.51
batch1,495.16,398.54
bursty0,0.0,0.0
batch0,504.72,357.51
batch1,495.16,398.54
bursty0,0.0,0.0
batch0,504.72,357.51
batch1,495.16,398.54
bursty0,0.0,0.0
batch0,504.72,357.51
batch1,495.16,398.54
bursty0,0.0,0.0
batch0,504.72,357.51
batch1,495.16,398.54
bursty0,0.0,0.0
batch0,504.72,357.51
batch1,495.16,398.54
bursty0,0.0,0.0
batch0,504.72,357.51
batch1,495.16,398.54
bursty0,0.0,0.0
batch0,504.72,357.51
batch1,495.16,398.54
bursty0,0.0,0.0
batch0,504.72,357.51
batch1,495.16,398.54
bursty0,0.0,0.0
batch0,504.72,357.51
batch1,495.14,401.71
bursty0,0.0,0.0
batch0,504.72,357.51
batch1,495.08,402.22
bursty0,0.0,0.0
batch0,504.72,357.51
batch1,495.08,402.22
bursty0,0.0,0.0
batch0,504.72,357.51
batch1,495.08,402.22
bursty0,0.0,0.0
batch0,504.72,357.51
batch1,495.08,402.22
bursty0,0.0,0.0
batch0,504.72,357.51
batch1,495.08,402.22
bursty0,0.0,0.0
batch0,504.72,357.51
batch1,495.08,402.22
bursty0,0.0,0.0
batch0,504.72,357.51
batch1,495.08,402.22
bursty0,0.0,0.0
batch0,504.72,357.51
batch1,495.08,402.22
bursty0,0.0,0.0
batch0,504.72,357.51
batch1,495.08,402.22
bursty0,0.0,0.0
batch0,504.72,357.51
batch1,495.08,402.22
bursty0,0.0,0.0
batch0,504.72,357.51
batch1,495.08,402.22
bursty0,0.0,0.0
batch0,504.72,357.51
batch1,495.08,402.22
bursty0,0.0,0.0
batch0,504.72,357.51
batch1,495.08,402.22
bursty0,0.0,0.0
batch0,504.72,357.51
batch1,495.08,402.22
bursty0,0.0,0.0
batch0,504.72,357.51
batch1,495.08,402.22
bursty0,0.0,0.0
batch0,504.72,357.51
batch1,495.08,402.22
bursty0,0.0,0.0
batch0,504.72,357.51
batch1,495.08,402.22
bursty0,0.0,0.0
batch0,504.72,357.51
batch1,495.08,402.22
bursty0,0.0,0.0
batch0,504.72,357.51
batch1,495.08,402.22
bursty0,0.0,0.0
batch0,504.72,357.51
batch1,495.08,402.22
bursty0,0.0,0.0
batch0,504.72,357.51
batch1,495.08,402.22
bursty0,0.0,0.0
batch0,504.72,357.51
batch1,495.08,402.22
bursty0,0.0,0.0
batch0,504.72,357.51
batch1,495.08,402.22
bursty0,0.0,0.0
batch0,504.72,357.51
batch1,495.08,402.22
bursty0,0.0,0.0
batch0,504.72,357.51
batch1,495.08,402.22
bursty0,0.0,0.0
batch0,504.72,357.51
batch1,495.08,402.22
bursty0,0.0,0.0
batch0,504.72,357.51
batch1,495.08,402.22
bursty0,0.0,0.0
batch0,504.72,357.51
batch1,495.08,402.22
bursty0,0.0,0.0
batch0,504.72,357.51
batch1,495.08,402.22
bursty0,0.0,0.0
batch0,504.72,357.51
batch1,495.08,402.22
bursty0,0.0,0.0
batch0,504.72,357.51
batch1,495.08,402.22
bursty0,0.0,0.0
batch0,504.72,357.51
batch1,495.08,402.22
bursty0,0.0,0.0
batch0,504.72,357.51
batch1,495.08,402.22
bursty0,0.0,0.0
batch0,504.72,357.51
batch1,495.08,402.22
bursty0,0.0,0.0
batch0,504.72,357.51
batch1,495.08,402.22
bursty0,0.0,0.0
batch0,504.72,357.51
batch1,495.08,402.22
bursty0,0.0,0.0
batch0,365.76,259.08
batch1,495.08,402.22
bursty0,139.02,218.46
batch0,310.59,219.47
batch1,495.08,402.22
bursty0,194.25,305.25
batch0,310.51,218.96
batch1,495.08,402.22
bursty0,194.25,305.25
batch0,315.12,221.85
batch1,485.18,391.87
bursty0,199.5,313.5
batch0,315.12,221.85
batch1,485.18,391.87
bursty0,199.5,313.5
batch0,345.12,242.25
batch1,435.02,339.43
bursty0,219.66,345.18
batch0,345.12,241.91
batch1,435.02,339.43
bursty0,219.66,345.18
batch0,345.12,241.91
batch1,435.02,339.43
bursty0,219.66,345.18
batch0,348.37,244.12
batch1,431.94,336.21
bursty0,219.66,345.18
batch0,348.27,241.06
batch1,431.94,336.21
bursty0,219.66,345.18
batch0,375.02,259.25
batch1,350.82,375.0
bursty0,232.68,365.64
batch0,375.02,259.25
batch1,335.08,375.08
bursty0,232.68,365.64
batch0,375.02,259.25
batch1,329.16,375.05
bursty0,232.68,365.64
batch0,375.02,259.25
batch1,328.32,375.09
bursty0,232.68,365.64
batch0,375.02,259.25
batch1,328.32,375.09
bursty0,232.68,365.64
batch0,375.02,259.25
batch1,327.66,374.95
bursty0,232.68,365.64
batch0,375.02,259.25
batch1,327.66,374.95
bursty0,232.68,365.64
batch0,375.25,255.17
batch1,327.84,375.17
bursty0,235.2,369.6
batch0,375.25,255.17
batch1,325.4,375.21
bursty0,235.2,369.6
batch0,375.25,255.17
batch1,325.4,375.21
bursty0,235.2,369.6
batch0,375.25,255.17
batch1,325.4,375.21
bursty0,235.2,369.6
batch0,375.25,255.17
batch1,325.94,375.1
bursty0,235.2,369.6
batch0,375.25,255.17
batch1,330.44,375.21
bursty0,235.2,369.6
batch0,375.25,255.17
batch1,330.44,375.21
bursty0,235.2,369.6
batch0,375.25,255.17
batch1,330.44,375.21
bursty0,235.2,369.6
batch0,375.25,255.17
batch1,330.44,375.21
bursty0,235.2,369.6
batch0,375.25,255.17
batch1,306.9,375.1
bursty0,235.2,369.6
batch0,375.25,255.17
batch1,306.9,375.1
bursty0,235.2,369.6
batch0,375.25,255.17
batch1,306.9,375.1
bursty0,235.2,369.6
batch0,375.25,255.17
batch1,306.9,375.1
bursty0,235.2,369.6
batch0,375.25,255.17
batch1,306.9,375.1
bursty0,235.2,369.6
batch0,375.25,255.17
batch1,306.9,375.1
bursty0,235.2,369.6
batch0,375.25,255.17
batch1,306.9,375.1
bursty0,235.2,369.6
batch0,375.25,255.17
batch1,306.9,375.1
bursty0,235.2,369.6
batch0,375.25,255.17
batch1,306.9,375.1
bursty0,235.2,369.6
batch0,375.25,255.17
batch1,306.9,375.1
bursty0,235.2,369.6
batch0,375.25,255.17
batch1,306.9,375.1
bursty0,235.2,369.6
batch0,375.25,255.17
batch1,306.9,375.1
bursty0,235.2,369.6
batch0,375.25,255.17
batch1,306.9,375.1
bursty0,235.2,369.6
batch0,375.25,255.17
batch1,306.9,375.1
bursty0,235.2,369.6
batch0,375.25,255.17
batch1,306.9,375.1
bursty0,235.2,369.6
batch0,375.25,255.17
batch1,306.9,375.1
bursty0,235.2,369.6
batch0,375.25,255.17
batch1,306.9,375.1
bursty0,235.2,369.6
batch0,375.25,255.17
batch1,306.9,375.1
bursty0,235.2,369.6
batch0,375.25,255.17
batch1,306.9,375.1
bursty0,235.2,369.6
batch0,375.25,255.17
batch1,306.9,375.1
bursty0,235.2,369.6
batch0,375.25,255.17
batch1,306.9,375.1
bursty0,235.2,369.6
batch0,375.25,255.17
batch1,306.9,375.1
bursty0,235.2,369.6
batch0,375.25,255.17
batch1,306.9,375.1
bursty0,235.2,369.6
batch0,375.25,255.17
batch1,306.9,375.1
bursty0,235.2,369.6
batch0,375.25,255.17
batch1,306.9,375.1
bursty0,235.2,369.6
batch0,411.5,279.82
batch1,331.38,405.02
bursty0,200.55,315.15
batch0,411.5,279.82
batch1,331.38,405.02
bursty0,200.55,315.15
batch0,415.0,282.2
batch1,336.06,410.74
bursty0,195.3,306.9
batch0,415.0,282.2
batch1,336.06,410.74
bursty0,195.3,306.9
batch0,435.25,295.97
batch1,350.82,428.78
bursty0,175.14,275.22
batch0,435.25,295.97
batch1,350.82,428.78
bursty0,175.14,275.22
batch0,435.25,295.97
batch1,350.82,428.78
bursty0,175.14,275.22
batch0,435.25,295.97
batch1,350.82,428.78
bursty0,175.14,275.22
batch0,435.25,295.97
batch1,350.82,428.78
bursty0,175.14,275.22
batch0,445.0,302.6
batch1,362.16,442.64
bursty0,162.12,254.76
batch0,445.0,302.6
batch1,362.16,442.64
bursty0,162.12,254.76
batch0,445.0,302.6
batch1,362.16,442.64
bursty0,162.12,254.76
batch0,445.0,302.6
batch1,362.16,442.64
bursty0,162.12,254.76
batch0,445.0,302.6
batch1,362.16,442.64
bursty0,162.12,254.76
batch0,445.0,302.6
batch1,362.16,442.64
bursty0,162.12,254.76
batch0,445.0,302.6
batch1,362.16,442.64
bursty0,162.12,254.76
batch0,447.25,304.13
batch1,371.5,445.06
bursty0,159.6,250.8
batch0,447.25,304.13
batch1,371.5,445.06
bursty0,159.6,250.8
batch0,447.25,304.13
batch1,371.5,445.06
bursty0,159.6,250.8
batch0,447.25,304.13
batch1,371.5,445.06
bursty0,159.6,250.8
batch0,447.25,304.13
batch1,371.5,445.06
bursty0,159.6,250.8
batch0,447.25,304.13
batch1,371.5,445.06
bursty0,159.6,250.8
batch0,447.25,304.13
batch1,371.5,445.06
bursty0,159.6,250.8
batch0,447.25,304.13
batch1,371.5,445.06
bursty0,159.6,250.8
batch0,535.0,363.8
batch1,444.3,525.14
bursty0,20.58,32.34
batch0,535.0,363.8
batch1,444.3,525.14
bursty0,20.59,15.62
batch0,498.75,339.15
batch1,444.3,525.14
bursty0,56.84,43.12
batch0,498.75,339.15
batch1,444.3,525.14
bursty0,56.84,43.12
batch0,476.5,324.02
batch1,444.3,525.14
bursty0,79.17,60.06
batch0,488.0,331.84
batch1,444.3,525.14
bursty0,67.57,51.26
batch0,537.5,365.5
batch1,453.5,535.26
bursty0,8.99,6.82
batch0,545.0,370.6
batch1,454.9,536.8
bursty0,0.0,0.0
batch0,545.0,370.6
batch1,454.9,536.8
bursty0,0.0,0.0
batch0,545.0,370.6
batch1,454.9,536.8
bursty0,0.0,0.0
batch0,545.0,370.6
batch1,454.9,536.8
bursty0,0.0,0.0
batch0,545.0,370.6
batch1,454.9,536.8
bursty0,0.0,0.0
batch0,545.0,370.6
batch1,454.9,536.8
bursty0,0.0,0.0
batch0,545.0,370.6
batch1,454.9,536.8
bursty0,0.0,0.0
batch0,545.0,370.6
batch1,454.9,536.8
bursty0,0.0,0.0
batch0,545.0,370.6
batch1,454.9,536.8
bursty0,0.0,0.0
batch0,545.0,370.6
batch1,454.9,536.8
bursty0,0.0,0.0
batch0,545.0,370.6
batch1,454.82,533.72
bursty0,0.0,0.0
batch0,543.75,369.75
batch1,456.22,535.26
bursty0,0.0,0.0
batch0,535.0,363.8
batch1,464.84,534.16
bursty0,0.0,0.0
batch0,535.0,363.8
batch1,464.88,533.28
bursty0,0.0,0.0
batch0,535.0,363.8
batch1,464.92,531.52
bursty0,0.0,0.0
batch0,535.0,363.8
batch1,464.98,528.44
bursty0,0.0,0.0
batch0,535.0,363.8
batch1,464.98,528.44
bursty0,0.0,0.0
batch0,535.0,363.8
batch1,465.0,528.44
bursty0,0.0,0.0
batch0,535.0,363.8
batch1,464.84,527.34
bursty0,0.0,0.0
batch0,535.0,363.8
batch1,464.9,526.02
bursty0,0.0,0.0
batch0,535.0,363.8
batch1,464.9,526.02
bursty0,0.0,0.0
batch0,535.0,363.8
batch1,464.92,525.36
bursty0,0.0,0.0
batch0,535.0,363.8
batch1,464.94,520.52
bursty0,0.0,0.0
batch0,535.0,363.8
batch1,464.94,520.52
bursty0,0.0,0.0
batch0,530.75,360.91
batch1,469.14,525.14
bursty0,0.0,0.0
batch0,530.75,360.91
batch1,469.14,525.14
bursty0,0.0,0.0
batch0,521.0,354.28
batch1,478.77,515.14
bursty0,0.0,0.0
batch0,521.0,354.28
batch1,478.77,515.14
bursty0,0.0,0.0
batch0,521.0,354.28
batch1,478.77,515.14
bursty0,0.0,0.0
batch0,521.25,354.45
batch1,478.75,513.86
bursty0,0.0,0.0
batch0,519.5,353.26
batch1,480.32,515.18
bursty0,0.0,0.0
batch0,519.5,353.26
batch1,480.32,515.18
bursty0,0.0,0.0
batch0,519.5,353.26
batch1,480.32,515.18
bursty0,0.0,0.0
batch0,519.5,353.26
batch1,480.32,515.18
bursty0,0.0,0.0
batch0,525.0,357.0
batch1,474.91,516.0
bursty0,0.0,0.0
batch0,525.0,357.0
batch1,474.91,516.0
bursty0,0.0,0.0
batch0,525.0,357.0
batch1,474.91,516.0
bursty0,0.0,0.0
batch0,525.0,357.0
batch1,474.93,517.28
bursty0,0.0,0.0
batch0,525.0,357.0
batch1,475.0,519.86
bursty0,0.0,0.0
batch0,524.84,356.32
batch1,475.0,519.86
bursty0,0.0,0.0
batch0,525.55,356.67
batch1,474.4,525.68
bursty0,0.0,0.0
batch0,533.16,361.76
batch1,466.8,525.0
bursty0,0.0,0.0
batch0,565.1,383.34
batch1,434.9,565.87
bursty0,0.0,0.0
batch0,569.39,386.19
batch1,430.6,565.1
bursty0,0.0,0.0
batch0,575.26,389.7
batch1,424.7,569.29
bursty0,0.0,0.0
batch0,598.03,404.59
batch1,384.1,595.19
bursty0,0.0,0.0
batch0,598.03,404.59
batch1,384.1,595.19
bursty0,0.0,0.0
batch0,598.08,404.6
batch1,384.0,595.2
bursty0,0.0,0.0
batch0,594.41,414.67
batch1,375.8,585.22
bursty0,0.0,0.0
batch0,578.67,424.59
batch1,365.5,575.21
bursty0,0.0,0.0
batch0,556.05,444.65
batch1,356.8,555.2
bursty0,0.0,0.0
batch0,330.15,504.64
batch1,327.8,495.22
bursty0,0.0,0.0
batch0,380.72,504.93
batch1,305.1,495.01
bursty0,0.0,0.0
batch0,448.76,504.65
batch1,261.4,495.22
bursty0,0.0,0.0
batch0,449.15,504.82
batch1,249.6,495.08
bursty0,0.0,0.0
batch0,448.76,504.65
batch1,249.0,495.22
bursty0,0.0,0.0
batch0,449.15,504.82
batch1,248.9,495.03
bursty0,0.0,0.0
batch0,449.15,504.82
batch1,243.7,495.15
bursty0,0.0,0.0
batch0,525.27,478.94
batch1,251.5,520.97
bursty0,0.0,0.0
batch0,525.27,478.94
batch1,251.5,520.97
bursty0,0.0,0.0
batch0,665.34,290.02
batch1,334.62,656.99
bursty0,0.0,0.0
batch0,662.61,288.83
batch1,337.3,655.64
bursty0,0.0,0.0
batch0,662.61,288.83
batch1,337.2,655.37
bursty0,0.0,0.0
batch0,645.06,281.18
batch1,354.76,639.5
bursty0,0.0,0.0
batch0,538.07,464.76
batch1,299.18,535.03
bursty0,0.0,0.0
batch0,505.06,504.89
batch1,302.26,495.01
bursty0,0.0,0.0
batch0,369.55,504.64
batch1,372.8,495.18
bursty0,0.0,0.0
batch0,365.65,504.64
batch1,370.24,495.29
bursty0,0.0,0.0
batch0,366.01,504.81
batch1,364.64,495.07
bursty0,0.0,0.0
batch0,399.13,504.75
batch1,363.76,495.11
bursty0,0.0,0.0
batch0,399.49,504.92
batch1,370.8,495.01
bursty0,0.0,0.0
batch0,399.49,504.92
batch1,420.0,495.04
bursty0,0.0,0.0
batch0,399.49,504.92
batch1,424.8,495.06
bursty0,0.0,0.0
batch0,535.1,326.1
batch1,464.88,526.79
bursty0,0.0,0.0
batch0,515.16,243.27
batch1,484.8,514.7
bursty0,0.0,0.0
batch0,513.36,242.42
batch1,486.48,505.11
bursty0,0.0,0.0
batch0,504.72,238.34
batch1,495.12,490.67
bursty0,0.0,0.0
batch0,504.72,238.34
batch1,495.12,412.83
bursty0,0.0,0.0
batch0,504.72,238.34
batch1,495.12,408.49
bursty0,0.0,0.0
batch0,504.84,298.58
batch1,495.12,395.89
bursty0,0.0,0.0
batch0,504.87,368.59
batch1,495.12,391.97
bursty0,0.0,0.0
batch0,504.84,403.77
batch1,495.12,391.97
bursty0,0.0,0.0
batch0,482.31,525.33
batch1,517.68,409.83
bursty0,0.0,0.0
batch0,482.31,525.33
batch1,517.68,409.83
bursty0,0.0,0.0
batch0,482.31,525.33
batch1,517.68,409.83
bursty0,0.0,0.0
batch0,482.31,525.33
batch1,517.68,409.83
bursty0,0.0,0.0
batch0,482.31,525.33
batch1,517.68,409.83
bursty0,0.0,0.0
batch0,479.43,525.09
batch1,520.56,412.11
bursty0,0.0,0.0
batch0,476.7,522.1
batch1,515.04,477.74
bursty0,0.0,0.0
batch0,472.71,517.73
batch1,515.04,482.08
bursty0,0.0,0.0
batch0,470.4,515.2
batch1,507.84,484.78
bursty0,0.0,0.0
batch0,469.98,514.74
batch1,505.2,485.07
bursty0,0.0,0.0
batch0,461.37,505.31
batch1,501.36,494.63
bursty0,0.0,0.0
batch0,460.74,504.62
batch1,443.04,495.22
bursty0,0.0,0.0
batch0,460.74,504.62
batch1,438.24,495.2
bursty0,0.0,0.0
batch0,460.95,504.85
batch1,421.2,495.15
bursty0,0.0,0.0
batch0,501.11,504.85
batch1,392.4,495.03
bursty0,0.0,0.0
batch0,515.13,490.59
batch1,394.08,509.24
bursty0,0.0,0.0
batch0,525.03,475.87
batch1,384.48,524.04
bursty0,0.0,0.0
batch0,510.45,463.45
batch1,489.52,505.09
bursty0,0.0,0.0
batch0,505.05,458.85
batch1,494.82,503.19
bursty0,0.0,0.0
batch0,504.51,458.39
batch1,495.24,493.08
bursty0,0.0,0.0
batch0,504.78,458.62
batch1,495.06,490.02
bursty0,0.0,0.0
batch0,504.78,458.62
batch1,495.04,474.43
bursty0,0.0,0.0
batch0,504.61,441.37
batch1,495.22,416.74
bursty0,0.0,0.0
batch0,504.63,429.87
batch1,495.24,412.08
bursty0,0.0,0.0
batch0,504.9,430.1
batch1,495.08,395.36
bursty0,0.0,0.0
batch0,504.63,429.87
batch1,495.2,367.4
bursty0,0.0,0.0
batch0,496.64,505.24
batch1,503.28,356.76
bursty0,0.0,0.0
batch0,493.73,515.13
batch1,506.22,330.99
bursty0,0.0,0.0
batch0,493.73,515.13
batch1,506.22,330.99
bursty0,0.0,0.0
batch0,493.01,515.17
batch1,506.74,331.33
bursty0,0.0,0.0
batch0,489.97,515.25
batch1,509.86,333.37
bursty0,0.0,0.0
batch0,489.97,515.25
batch1,509.8,351.85
bursty0,0.0,0.0
batch0,489.97,515.25
batch1,509.9,389.3
bursty0,0.0,0.0
batch0,489.97,515.25
batch1,509.8,421.6
bursty0,0.0,0.0
